{
  "distribution": {
    "total_detections": 931,
    "mean": 0.8272298603651987,
    "median": 0.8334,
    "std": 0.057809370139453614,
    "min": 0.6263,
    "max": 0.9633,
    "percentiles": {
      "10": 0.7402,
      "25": 0.7986,
      "50": 0.8334,
      "75": 0.8648,
      "90": 0.8974,
      "95": 0.9225,
      "99": 0.94072
    },
    "threshold_analysis": {
      "threshold_0.5": {
        "count_above": 931,
        "percentage_above": 100.0,
        "count_below": 0,
        "percentage_below": 0.0
      },
      "threshold_0.6": {
        "count_above": 931,
        "percentage_above": 100.0,
        "count_below": 0,
        "percentage_below": 0.0
      },
      "threshold_0.7": {
        "count_above": 906,
        "percentage_above": 97.31471535982814,
        "count_below": 25,
        "percentage_below": 2.685284640171858
      },
      "threshold_0.8": {
        "count_above": 618,
        "percentage_above": 66.38023630504833,
        "count_below": 313,
        "percentage_below": 33.61976369495167
      },
      "threshold_0.85": {
        "count_above": 351,
        "percentage_above": 37.70139634801289,
        "count_below": 580,
        "percentage_below": 62.29860365198711
      },
      "threshold_0.9": {
        "count_above": 90,
        "percentage_above": 9.66702470461869,
        "count_below": 841,
        "percentage_below": 90.33297529538132
      },
      "threshold_0.95": {
        "count_above": 3,
        "percentage_above": 0.322234156820623,
        "count_below": 928,
        "percentage_below": 99.67776584317937
      }
    }
  },
  "by_category": {
    "Arch_Management-Governance": {
      "count": 61,
      "mean": 0.8591147540983607,
      "median": 0.8492,
      "std": 0.04656953495146017,
      "min": 0.7857,
      "max": 0.9633
    },
    "Arch_Compute": {
      "count": 58,
      "mean": 0.8694431034482759,
      "median": 0.87815,
      "std": 0.05619179321619277,
      "min": 0.7071,
      "max": 0.9413
    },
    "Res_General-Icons": {
      "count": 324,
      "mean": 0.8336623456790122,
      "median": 0.8401000000000001,
      "std": 0.031797537592821966,
      "min": 0.7679,
      "max": 0.9342
    },
    "Arch_Business-Applications": {
      "count": 26,
      "mean": 0.8358807692307693,
      "median": 0.83405,
      "std": 0.01934971713629008,
      "min": 0.7907,
      "max": 0.881
    },
    "Arch_Database": {
      "count": 79,
      "mean": 0.7663392405063292,
      "median": 0.7308,
      "std": 0.08094344551336488,
      "min": 0.6263,
      "max": 0.9452
    },
    "Arch_Storage": {
      "count": 57,
      "mean": 0.7692964912280703,
      "median": 0.7697,
      "std": 0.050120794315096785,
      "min": 0.6489,
      "max": 0.8704
    },
    "Arch_Media-Services": {
      "count": 68,
      "mean": 0.848120588235294,
      "median": 0.84565,
      "std": 0.04175416695944859,
      "min": 0.7711,
      "max": 0.9258
    },
    "Arch_Networking-Content-Delivery": {
      "count": 44,
      "mean": 0.7529863636363636,
      "median": 0.73695,
      "std": 0.05401626687190498,
      "min": 0.6958,
      "max": 0.9268
    },
    "Arch_Developer-Tools": {
      "count": 10,
      "mean": 0.82847,
      "median": 0.8188,
      "std": 0.049360653358722875,
      "min": 0.7717,
      "max": 0.9536
    },
    "Arch_Security-Identity-Compliance": {
      "count": 57,
      "mean": 0.8289140350877193,
      "median": 0.8285,
      "std": 0.06413159015374476,
      "min": 0.6862,
      "max": 0.9461
    },
    "Arch_Analytics": {
      "count": 60,
      "mean": 0.8473116666666666,
      "median": 0.8492500000000001,
      "std": 0.04087646059232081,
      "min": 0.7411,
      "max": 0.9265
    },
    "Arch_App-Integration": {
      "count": 12,
      "mean": 0.8562416666666667,
      "median": 0.86585,
      "std": 0.0407781898064258,
      "min": 0.7916,
      "max": 0.9084
    },
    "Arch_Cloud-Financial-Management": {
      "count": 9,
      "mean": 0.8393777777777778,
      "median": 0.8377,
      "std": 0.031561044123616086,
      "min": 0.7685,
      "max": 0.8877
    },
    "Arch_Artificial-Intelligence": {
      "count": 18,
      "mean": 0.8581888888888889,
      "median": 0.85335,
      "std": 0.016371210804637406,
      "min": 0.8369,
      "max": 0.8912
    },
    "Arch_Front-End-Web-Mobile": {
      "count": 2,
      "mean": 0.8451,
      "median": 0.8451,
      "std": 0.003500000000000003,
      "min": 0.8416,
      "max": 0.8486
    },
    "Arch_Migration-Modernization": {
      "count": 24,
      "mean": 0.8181416666666665,
      "median": 0.7985,
      "std": 0.052880217761990686,
      "min": 0.7475,
      "max": 0.9442
    },
    "Arch_Quantum-Technologies": {
      "count": 8,
      "mean": 0.9040874999999999,
      "median": 0.91785,
      "std": 0.035885980462431306,
      "min": 0.8199,
      "max": 0.9323
    },
    "Arch_Internet-of-Things": {
      "count": 14,
      "mean": 0.8626428571428572,
      "median": 0.8645,
      "std": 0.04052612410154565,
      "min": 0.7928,
      "max": 0.931
    }
  },
  "by_label": {
    "cloudtrail": {
      "count": 41,
      "mean": 0.860960975609756,
      "median": 0.8492,
      "std": 0.04748738922738911,
      "min": 0.7857,
      "max": 0.9633
    },
    "cloudwatch": {
      "count": 273,
      "mean": 0.8324937728937729,
      "median": 0.8391,
      "std": 0.0333802237636677,
      "min": 0.7722,
      "max": 0.9403
    },
    "lambda": {
      "count": 46,
      "mean": 0.8910065217391304,
      "median": 0.89975,
      "std": 0.03577950228208709,
      "min": 0.7904,
      "max": 0.9413
    },
    "workspaces": {
      "count": 10,
      "mean": 0.87774,
      "median": 0.86595,
      "std": 0.03333323266651466,
      "min": 0.8233,
      "max": 0.9342
    },
    "appfabric": {
      "count": 2,
      "mean": 0.87475,
      "median": 0.87475,
      "std": 0.006249999999999978,
      "min": 0.8685,
      "max": 0.881
    },
    "clouddirectory": {
      "count": 61,
      "mean": 0.7290278688524591,
      "median": 0.7175,
      "std": 0.04577780309400996,
      "min": 0.6263,
      "max": 0.8385
    },
    "workmail": {
      "count": 18,
      "mean": 0.8355555555555554,
      "median": 0.83645,
      "std": 0.017478470001125585,
      "min": 0.7907,
      "max": 0.8603
    },
    "service-quotas": {
      "count": 23,
      "mean": 0.8058826086956522,
      "median": 0.816,
      "std": 0.027161412081079018,
      "min": 0.7214,
      "max": 0.8336
    },
    "mediatailor": {
      "count": 50,
      "mean": 0.8401460000000001,
      "median": 0.8326,
      "std": 0.036905366601620415,
      "min": 0.78,
      "max": 0.9247
    },
    "datazone": {
      "count": 52,
      "mean": 0.7606615384615385,
      "median": 0.74885,
      "std": 0.05447593383195836,
      "min": 0.6489,
      "max": 0.8704
    },
    "lightsail": {
      "count": 37,
      "mean": 0.7358432432432434,
      "median": 0.7323,
      "std": 0.02551831923360941,
      "min": 0.6958,
      "max": 0.829
    },
    "codebuild": {
      "count": 4,
      "mean": 0.84815,
      "median": 0.8325,
      "std": 0.06550971302028424,
      "min": 0.774,
      "max": 0.9536
    },
    "waf": {
      "count": 10,
      "mean": 0.88764,
      "median": 0.919,
      "std": 0.06006944647655745,
      "min": 0.7692,
      "max": 0.9461
    },
    "neptune": {
      "count": 2,
      "mean": 0.9289499999999999,
      "median": 0.9289499999999999,
      "std": 0.016250000000000042,
      "min": 0.9127,
      "max": 0.9452
    },
    "dynamodb": {
      "count": 14,
      "mean": 0.8852428571428572,
      "median": 0.8908,
      "std": 0.02995722460646927,
      "min": 0.8354,
      "max": 0.9376
    },
    "athena": {
      "count": 4,
      "mean": 0.9097,
      "median": 0.9078999999999999,
      "std": 0.01090252264386551,
      "min": 0.8965,
      "max": 0.9265
    },
    "mediapackage": {
      "count": 13,
      "mean": 0.8771230769230769,